SNP_ID,POP,LABEL,NOTE
rs2112347,CEU,BMI,
rs4771122,CEU,BMI,
rs4836133,CEU,BMI,
rs12444979,CEU,BMI,
rs13078807,CEU,BMI,
rs13107325,CEU,BMI,
rs7138803,CEU,BMI,
rs206936,CEU,BMI,
rs12597579,CEU,BMI,
rs11142387,CEU,BMI,
rs10968576,CEU,BMI,
rs7359397,CEU,BMI,
rs3817334,CEU,BMI,
rs2815752,CEU,BMI,
rs2867125,CEU,BMI,
rs2241423,CEU,BMI,
rs2206734,CEU,BMI,
rs1555543,CEU,BMI,
rs1514175,CEU,BMI,
rs987237,CEU,BMI,
rs713586,CEU,BMI,
rs543874,CEU,BMI,
rs11847697,CEU,BMI,
rs10938397,CEU,BMI,
rs10767664,CEU,BMI,
rs9939609,CEU,BMI,
rs9816226,CEU,BMI,
rs4929949,CEU,BMI,
rs3810291,CEU,BMI,
rs2890652,CEU,BMI,
rs2287019,CEU,BMI,
rs1558902,CEU,BMI,
rs887912,CEU,BMI,
rs571312,CEU,BMI,
rs261967,CEU,BMI,
rs29941,CEU,BMI,
rs1421085,CEU,BMI,
rs13021737,CEU,BMI,
rs2207139 ,CEU,BMI,
rs3101336,CEU,BMI,
rs10182181,CEU,BMI,
rs3888190,CEU,BMI,
rs1516725,CEU,BMI,
rs16951275 ,CEU,BMI,
rs12566985 ,CEU,BMI,
rs7141420,CEU,BMI,
rs13078960 ,CEU,BMI,
rs17024393 ,CEU,BMI,
rs12429545 ,CEU,BMI,
rs17405819,CEU,BMI,
rs4256980,CEU,BMI,
rs12401738,CEU,BMI,
rs205262,CEU,BMI,
rs12940622,CEU,BMI,
rs2075650,CEU,BMI,
rs2121279,CEU,BMI,
rs1808579,CEU,BMI,
rs657452,CEU,BMI,
rs12286929,CEU,BMI,
rs7903146,CEU,BMI,
rs10132280,CEU,BMI,
rs17094222,CEU,BMI,
rs7599312,CEU,BMI,
rs2365389,CEU,BMI,
rs2820292,CEU,BMI,
rs12885454,CEU,BMI,
rs16851483,CEU,BMI,
rs1167827,CEU,BMI,
rs758747,CEU,BMI,
rs1928295,CEU,BMI,
rs9925964,CEU,BMI,
rs11126666,CEU,BMI,
rs2650492,CEU,BMI,
rs6804842,CEU,BMI,
rs4740619,CEU,BMI,
rs13191362,CEU,BMI,
rs3736485,CEU,BMI,
rs17001654,CEU,BMI,
rs11191560,CEU,BMI,
rs1528435,CEU,BMI,
rs1000940,CEU,BMI,
rs2033529,CEU,BMI,
rs11583200,CEU,BMI,
rs9400239,CEU,BMI,
rs10733682,CEU,BMI,
rs11688816,CEU,BMI,
rs11057405,CEU,BMI,
rs11727676,CEU,BMI,
rs3849570,CEU,BMI,
rs6477694,CEU,BMI,
rs7899106,CEU,BMI,
rs2176598,CEU,BMI,
rs17724992,CEU,BMI,
rs7243357,CEU,BMI,
rs2033732,CEU,BMI,
rs9641123,CEU,BMI,
rs7164727,CEU,BMI,
rs492400,CEU,BMI,
rs2080454,CEU,BMI,
rs7239883,CEU,BMI,
rs2836754,CEU,BMI,
rs9914578,CEU,BMI,
rs977747,CEU,BMI,
rs9374842,CEU,BMI,
rs4787491,CEU,BMI,
rs1441264,CEU,BMI,
rs17203016,CEU,BMI,
rs16907751,CEU,BMI,
rs13201877,CEU,BMI,
rs9540493,CEU,BMI,
rs1460676,CEU,BMI,
rs6465468,CEU,BMI,
rs6091540,CEU,BMI,
rs7715256,CEU,BMI,
rs2176040,CEU,BMI,
rs2112347,TSI,BMI,
rs4771122,TSI,BMI,
rs4836133,TSI,BMI,
rs12444979,TSI,BMI,
rs13078807,TSI,BMI,
rs13107325,TSI,BMI,
rs7138803,TSI,BMI,
rs206936,TSI,BMI,
rs12597579,TSI,BMI,
rs11142387,TSI,BMI,
rs10968576,TSI,BMI,
rs7359397,TSI,BMI,
rs3817334,TSI,BMI,
rs2815752,TSI,BMI,
rs2867125,TSI,BMI,
rs2241423,TSI,BMI,
rs2206734,TSI,BMI,
rs1555543,TSI,BMI,
rs1514175,TSI,BMI,
rs987237,TSI,BMI,
rs713586,TSI,BMI,
rs543874,TSI,BMI,
rs11847697,TSI,BMI,
rs10938397,TSI,BMI,
rs10767664,TSI,BMI,
rs9939609,TSI,BMI,
rs9816226,TSI,BMI,
rs4929949,TSI,BMI,
rs3810291,TSI,BMI,
rs2890652,TSI,BMI,
rs2287019,TSI,BMI,
rs1558902,TSI,BMI,
rs887912,TSI,BMI,
rs571312,TSI,BMI,
rs261967,TSI,BMI,
rs29941,TSI,BMI,
rs1421085,TSI,BMI,
rs13021737,TSI,BMI,
rs2207139 ,TSI,BMI,
rs3101336,TSI,BMI,
rs10182181,TSI,BMI,
rs3888190,TSI,BMI,
rs1516725,TSI,BMI,
rs16951275 ,TSI,BMI,
rs12566985 ,TSI,BMI,
rs7141420,TSI,BMI,
rs13078960 ,TSI,BMI,
rs17024393 ,TSI,BMI,
rs12429545 ,TSI,BMI,
rs17405819,TSI,BMI,
rs4256980,TSI,BMI,
rs12401738,TSI,BMI,
rs205262,TSI,BMI,
rs12940622,TSI,BMI,
rs2075650,TSI,BMI,
rs2121279,TSI,BMI,
rs1808579,TSI,BMI,
rs657452,TSI,BMI,
rs12286929,TSI,BMI,
rs7903146,TSI,BMI,
rs10132280,TSI,BMI,
rs17094222,TSI,BMI,
rs7599312,TSI,BMI,
rs2365389,TSI,BMI,
rs2820292,TSI,BMI,
rs12885454,TSI,BMI,
rs16851483,TSI,BMI,
rs1167827,TSI,BMI,
rs758747,TSI,BMI,
rs1928295,TSI,BMI,
rs9925964,TSI,BMI,
rs11126666,TSI,BMI,
rs2650492,TSI,BMI,
rs6804842,TSI,BMI,
rs4740619,TSI,BMI,
rs13191362,TSI,BMI,
rs3736485,TSI,BMI,
rs17001654,TSI,BMI,
rs11191560,TSI,BMI,
rs1528435,TSI,BMI,
rs1000940,TSI,BMI,
rs2033529,TSI,BMI,
rs11583200,TSI,BMI,
rs9400239,TSI,BMI,
rs10733682,TSI,BMI,
rs11688816,TSI,BMI,
rs11057405,TSI,BMI,
rs11727676,TSI,BMI,
rs3849570,TSI,BMI,
rs6477694,TSI,BMI,
rs7899106,TSI,BMI,
rs2176598,TSI,BMI,
rs17724992,TSI,BMI,
rs7243357,TSI,BMI,
rs2033732,TSI,BMI,
rs9641123,TSI,BMI,
rs7164727,TSI,BMI,
rs492400,TSI,BMI,
rs2080454,TSI,BMI,
rs7239883,TSI,BMI,
rs2836754,TSI,BMI,
rs9914578,TSI,BMI,
rs977747,TSI,BMI,
rs9374842,TSI,BMI,
rs4787491,TSI,BMI,
rs1441264,TSI,BMI,
rs17203016,TSI,BMI,
rs16907751,TSI,BMI,
rs13201877,TSI,BMI,
rs9540493,TSI,BMI,
rs1460676,TSI,BMI,
rs6465468,TSI,BMI,
rs6091540,TSI,BMI,
rs7715256,TSI,BMI,
rs2176040,TSI,BMI,
rs2112347,GBR,BMI,
rs4771122,GBR,BMI,
rs4836133,GBR,BMI,
rs12444979,GBR,BMI,
rs13078807,GBR,BMI,
rs13107325,GBR,BMI,
rs7138803,GBR,BMI,
rs206936,GBR,BMI,
rs12597579,GBR,BMI,
rs11142387,GBR,BMI,
rs10968576,GBR,BMI,
rs7359397,GBR,BMI,
rs3817334,GBR,BMI,
rs2815752,GBR,BMI,
rs2867125,GBR,BMI,
rs2241423,GBR,BMI,
rs2206734,GBR,BMI,
rs1555543,GBR,BMI,
rs1514175,GBR,BMI,
rs987237,GBR,BMI,
rs713586,GBR,BMI,
rs543874,GBR,BMI,
rs11847697,GBR,BMI,
rs10938397,GBR,BMI,
rs10767664,GBR,BMI,
rs9939609,GBR,BMI,
rs9816226,GBR,BMI,
rs4929949,GBR,BMI,
rs3810291,GBR,BMI,
rs2890652,GBR,BMI,
rs2287019,GBR,BMI,
rs1558902,GBR,BMI,
rs887912,GBR,BMI,
rs571312,GBR,BMI,
rs261967,GBR,BMI,
rs29941,GBR,BMI,
rs1421085,GBR,BMI,
rs13021737,GBR,BMI,
rs2207139 ,GBR,BMI,
rs3101336,GBR,BMI,
rs10182181,GBR,BMI,
rs3888190,GBR,BMI,
rs1516725,GBR,BMI,
rs16951275 ,GBR,BMI,
rs12566985 ,GBR,BMI,
rs7141420,GBR,BMI,
rs13078960 ,GBR,BMI,
rs17024393 ,GBR,BMI,
rs12429545 ,GBR,BMI,
rs17405819,GBR,BMI,
rs4256980,GBR,BMI,
rs12401738,GBR,BMI,
rs205262,GBR,BMI,
rs12940622,GBR,BMI,
rs2075650,GBR,BMI,
rs2121279,GBR,BMI,
rs1808579,GBR,BMI,
rs657452,GBR,BMI,
rs12286929,GBR,BMI,
rs7903146,GBR,BMI,
rs10132280,GBR,BMI,
rs17094222,GBR,BMI,
rs7599312,GBR,BMI,
rs2365389,GBR,BMI,
rs2820292,GBR,BMI,
rs12885454,GBR,BMI,
rs16851483,GBR,BMI,
rs1167827,GBR,BMI,
rs758747,GBR,BMI,
rs1928295,GBR,BMI,
rs9925964,GBR,BMI,
rs11126666,GBR,BMI,
rs2650492,GBR,BMI,
rs6804842,GBR,BMI,
rs4740619,GBR,BMI,
rs13191362,GBR,BMI,
rs3736485,GBR,BMI,
rs17001654,GBR,BMI,
rs11191560,GBR,BMI,
rs1528435,GBR,BMI,
rs1000940,GBR,BMI,
rs2033529,GBR,BMI,
rs11583200,GBR,BMI,
rs9400239,GBR,BMI,
rs10733682,GBR,BMI,
rs11688816,GBR,BMI,
rs11057405,GBR,BMI,
rs11727676,GBR,BMI,
rs3849570,GBR,BMI,
rs6477694,GBR,BMI,
rs7899106,GBR,BMI,
rs2176598,GBR,BMI,
rs17724992,GBR,BMI,
rs7243357,GBR,BMI,
rs2033732,GBR,BMI,
rs9641123,GBR,BMI,
rs7164727,GBR,BMI,
rs492400,GBR,BMI,
rs2080454,GBR,BMI,
rs7239883,GBR,BMI,
rs2836754,GBR,BMI,
rs9914578,GBR,BMI,
rs977747,GBR,BMI,
rs9374842,GBR,BMI,
rs4787491,GBR,BMI,
rs1441264,GBR,BMI,
rs17203016,GBR,BMI,
rs16907751,GBR,BMI,
rs13201877,GBR,BMI,
rs9540493,GBR,BMI,
rs1460676,GBR,BMI,
rs6465468,GBR,BMI,
rs6091540,GBR,BMI,
rs7715256,GBR,BMI,
rs2176040,GBR,BMI,
rs2112347,IBS,BMI,
rs4771122,IBS,BMI,
rs4836133,IBS,BMI,
rs12444979,IBS,BMI,
rs13078807,IBS,BMI,
rs13107325,IBS,BMI,
rs7138803,IBS,BMI,
rs206936,IBS,BMI,
rs12597579,IBS,BMI,
rs11142387,IBS,BMI,
rs10968576,IBS,BMI,
rs7359397,IBS,BMI,
rs3817334,IBS,BMI,
rs2815752,IBS,BMI,
rs2867125,IBS,BMI,
rs2241423,IBS,BMI,
rs2206734,IBS,BMI,
rs1555543,IBS,BMI,
rs1514175,IBS,BMI,
rs987237,IBS,BMI,
rs713586,IBS,BMI,
rs543874,IBS,BMI,
rs11847697,IBS,BMI,
rs10938397,IBS,BMI,
rs10767664,IBS,BMI,
rs9939609,IBS,BMI,
rs9816226,IBS,BMI,
rs4929949,IBS,BMI,
rs3810291,IBS,BMI,
rs2890652,IBS,BMI,
rs2287019,IBS,BMI,
rs1558902,IBS,BMI,
rs887912,IBS,BMI,
rs571312,IBS,BMI,
rs261967,IBS,BMI,
rs29941,IBS,BMI,
rs1421085,IBS,BMI,
rs13021737,IBS,BMI,
rs2207139 ,IBS,BMI,
rs3101336,IBS,BMI,
rs10182181,IBS,BMI,
rs3888190,IBS,BMI,
rs1516725,IBS,BMI,
rs16951275 ,IBS,BMI,
rs12566985 ,IBS,BMI,
rs7141420,IBS,BMI,
rs13078960 ,IBS,BMI,
rs17024393 ,IBS,BMI,
rs12429545 ,IBS,BMI,
rs17405819,IBS,BMI,
rs4256980,IBS,BMI,
rs12401738,IBS,BMI,
rs205262,IBS,BMI,
rs12940622,IBS,BMI,
rs2075650,IBS,BMI,
rs2121279,IBS,BMI,
rs1808579,IBS,BMI,
rs657452,IBS,BMI,
rs12286929,IBS,BMI,
rs7903146,IBS,BMI,
rs10132280,IBS,BMI,
rs17094222,IBS,BMI,
rs7599312,IBS,BMI,
rs2365389,IBS,BMI,
rs2820292,IBS,BMI,
rs12885454,IBS,BMI,
rs16851483,IBS,BMI,
rs1167827,IBS,BMI,
rs758747,IBS,BMI,
rs1928295,IBS,BMI,
rs9925964,IBS,BMI,
rs11126666,IBS,BMI,
rs2650492,IBS,BMI,
rs6804842,IBS,BMI,
rs4740619,IBS,BMI,
rs13191362,IBS,BMI,
rs3736485,IBS,BMI,
rs17001654,IBS,BMI,
rs11191560,IBS,BMI,
rs1528435,IBS,BMI,
rs1000940,IBS,BMI,
rs2033529,IBS,BMI,
rs11583200,IBS,BMI,
rs9400239,IBS,BMI,
rs10733682,IBS,BMI,
rs11688816,IBS,BMI,
rs11057405,IBS,BMI,
rs11727676,IBS,BMI,
rs3849570,IBS,BMI,
rs6477694,IBS,BMI,
rs7899106,IBS,BMI,
rs2176598,IBS,BMI,
rs17724992,IBS,BMI,
rs7243357,IBS,BMI,
rs2033732,IBS,BMI,
rs9641123,IBS,BMI,
rs7164727,IBS,BMI,
rs492400,IBS,BMI,
rs2080454,IBS,BMI,
rs7239883,IBS,BMI,
rs2836754,IBS,BMI,
rs9914578,IBS,BMI,
rs977747,IBS,BMI,
rs9374842,IBS,BMI,
rs4787491,IBS,BMI,
rs1441264,IBS,BMI,
rs17203016,IBS,BMI,
rs16907751,IBS,BMI,
rs13201877,IBS,BMI,
rs9540493,IBS,BMI,
rs1460676,IBS,BMI,
rs6465468,IBS,BMI,
rs6091540,IBS,BMI,
rs7715256,IBS,BMI,
rs2176040,IBS,BMI,
rs2112347,FIN,BMI,
rs4771122,FIN,BMI,
rs4836133,FIN,BMI,
rs12444979,FIN,BMI,
rs13078807,FIN,BMI,
rs13107325,FIN,BMI,
rs7138803,FIN,BMI,
rs206936,FIN,BMI,
rs12597579,FIN,BMI,
rs11142387,FIN,BMI,
rs10968576,FIN,BMI,
rs7359397,FIN,BMI,
rs3817334,FIN,BMI,
rs2815752,FIN,BMI,
rs2867125,FIN,BMI,
rs2241423,FIN,BMI,
rs2206734,FIN,BMI,
rs1555543,FIN,BMI,
rs1514175,FIN,BMI,
rs987237,FIN,BMI,
rs713586,FIN,BMI,
rs543874,FIN,BMI,
rs11847697,FIN,BMI,
rs10938397,FIN,BMI,
rs10767664,FIN,BMI,
rs9939609,FIN,BMI,
rs9816226,FIN,BMI,
rs4929949,FIN,BMI,
rs3810291,FIN,BMI,
rs2890652,FIN,BMI,
rs2287019,FIN,BMI,
rs1558902,FIN,BMI,
rs887912,FIN,BMI,
rs571312,FIN,BMI,
rs261967,FIN,BMI,
rs29941,FIN,BMI,
rs1421085,FIN,BMI,
rs13021737,FIN,BMI,
rs2207139 ,FIN,BMI,
rs3101336,FIN,BMI,
rs10182181,FIN,BMI,
rs3888190,FIN,BMI,
rs1516725,FIN,BMI,
rs16951275 ,FIN,BMI,
rs12566985 ,FIN,BMI,
rs7141420,FIN,BMI,
rs13078960 ,FIN,BMI,
rs17024393 ,FIN,BMI,
rs12429545 ,FIN,BMI,
rs17405819,FIN,BMI,
rs4256980,FIN,BMI,
rs12401738,FIN,BMI,
rs205262,FIN,BMI,
rs12940622,FIN,BMI,
rs2075650,FIN,BMI,
rs2121279,FIN,BMI,
rs1808579,FIN,BMI,
rs657452,FIN,BMI,
rs12286929,FIN,BMI,
rs7903146,FIN,BMI,
rs10132280,FIN,BMI,
rs17094222,FIN,BMI,
rs7599312,FIN,BMI,
rs2365389,FIN,BMI,
rs2820292,FIN,BMI,
rs12885454,FIN,BMI,
rs16851483,FIN,BMI,
rs1167827,FIN,BMI,
rs758747,FIN,BMI,
rs1928295,FIN,BMI,
rs9925964,FIN,BMI,
rs11126666,FIN,BMI,
rs2650492,FIN,BMI,
rs6804842,FIN,BMI,
rs4740619,FIN,BMI,
rs13191362,FIN,BMI,
rs3736485,FIN,BMI,
rs17001654,FIN,BMI,
rs11191560,FIN,BMI,
rs1528435,FIN,BMI,
rs1000940,FIN,BMI,
rs2033529,FIN,BMI,
rs11583200,FIN,BMI,
rs9400239,FIN,BMI,
rs10733682,FIN,BMI,
rs11688816,FIN,BMI,
rs11057405,FIN,BMI,
rs11727676,FIN,BMI,
rs3849570,FIN,BMI,
rs6477694,FIN,BMI,
rs7899106,FIN,BMI,
rs2176598,FIN,BMI,
rs17724992,FIN,BMI,
rs7243357,FIN,BMI,
rs2033732,FIN,BMI,
rs9641123,FIN,BMI,
rs7164727,FIN,BMI,
rs492400,FIN,BMI,
rs2080454,FIN,BMI,
rs7239883,FIN,BMI,
rs2836754,FIN,BMI,
rs9914578,FIN,BMI,
rs977747,FIN,BMI,
rs9374842,FIN,BMI,
rs4787491,FIN,BMI,
rs1441264,FIN,BMI,
rs17203016,FIN,BMI,
rs16907751,FIN,BMI,
rs13201877,FIN,BMI,
rs9540493,FIN,BMI,
rs1460676,FIN,BMI,
rs6465468,FIN,BMI,
rs6091540,FIN,BMI,
rs7715256,FIN,BMI,
rs2176040,FIN,BMI,
rs2236783,CEU,Positive,
rs2322659,CEU,Positive,
rs4988235,CEU,Positive,
rs1426654,CEU,Positive,
rs16891982,CEU,Positive,
rs2236783,TSI,Positive,
rs2322659,TSI,Positive,
rs4988235,TSI,Positive,
rs1426654,TSI,Positive,
rs16891982,TSI,Positive,
rs2236783,GBR,Positive,
rs2322659,GBR,Positive,
rs4988235,GBR,Positive,
rs1426654,GBR,Positive,
rs16891982,GBR,Positive,
rs2236783,IBS,Positive,
rs2322659,IBS,Positive,
rs4988235,IBS,Positive,
rs1426654,IBS,Positive,
rs16891982,IBS,Positive,
rs2236783,FIN,Positive,
rs2322659,FIN,Positive,
rs4988235,FIN,Positive,
rs1426654,FIN,Positive,
rs16891982,FIN,Positive,
rs10128001,CEU,Negative,
rs291593,CEU,Negative,
rs1518395 ,CEU,Negative,
rs2278483,CEU,Negative,
rs1485845 ,CEU,Negative,
rs1368744 ,CEU,Negative,
rs253414,CEU,Negative,
rs9667  ,CEU,Negative,
rs744143,CEU,Negative,
rs320938  ,CEU,Negative,
rs905290 ,CEU,Negative,
rs4074134,CEU,Negative,
rs7323,CEU,Negative,
rs2287652,CEU,Negative,
rs6565259,CEU,Negative,
rs13335818 ,CEU,Negative,
rs10516487,CEU,Negative,
rs12499960  ,CEU,Negative,
rs1018119  ,CEU,Negative,
rs885114 ,CEU,Negative,
rs2111119 ,CEU,Negative,
rs1477340,CEU,Negative,
rs1042482,CEU,Negative,
rs487917,CEU,Negative,
rs2312147,CEU,Negative,
rs990356 ,CEU,Negative,
rs7717355,CEU,Negative,
rs27037 ,CEU,Negative,
rs760899,CEU,Negative,
rs746720,CEU,Negative,
rs879048,CEU,Negative,
rs7134749 ,CEU,Negative,
rs9323656,CEU,Negative,
rs12596913,CEU,Negative,
rs1029846,CEU,Negative,
rs754536  ,CEU,Negative,
rs1544702 ,CEU,Negative,
rs3213801 ,CEU,Negative,
rs1180079  ,CEU,Negative,
rs1128559  ,CEU,Negative,
rs922493 ,CEU,Negative,
rs2302677,CEU,Negative,
rs2074036 ,CEU,Negative,
rs12446492,CEU,Negative,
rs1018670,CEU,Negative,
rs3738309,CEU,Negative,
rs1022907,CEU,Negative,
rs2277205,CEU,Negative,
rs1107043,CEU,Negative,
rs2107561,CEU,Negative,
rs2820312,CEU,Negative,
rs1390397,CEU,Negative,
rs1157228,CEU,Negative,
rs3093816,CEU,Negative,
rs3751845,CEU,Negative,
rs744539,CEU,Negative,
rs828259,CEU,Negative,
rs6443696,CEU,Negative,
rs3739715,CEU,Negative,
rs1333955,CEU,Negative,
rs2445765,CEU,Negative,
rs3733249,CEU,Negative,
rs10025494,CEU,Negative,
rs943036,CEU,Negative,
rs2585283,CEU,Negative,
rs7497457,CEU,Negative,
rs2274776,CEU,Negative,
rs873837,CEU,Negative,
rs907482,CEU,Negative,
rs718718,CEU,Negative,
rs290699,CEU,Negative,
rs2904880,CEU,Negative,
rs2193587,CEU,Negative,
rs10049246,CEU,Negative,
rs6494654,CEU,Negative,
rs1384883,CEU,Negative,
rs1875597,CEU,Negative,
rs4856560,CEU,Negative,
rs559479,CEU,Negative,
rs725502,CEU,Negative,
rs110419,CEU,Negative,
rs4075160,CEU,Negative,
rs6938239,CEU,Negative,
rs429358,CEU,Negative,
rs4800148,CEU,Negative,
rs6485438,CEU,Negative,
rs1058587,CEU,Negative,
rs1035364,CEU,Negative,
rs12154667,CEU,Negative,
rs722263,CEU,Negative,
rs4674305,CEU,Negative,
rs816752,CEU,Negative,
rs6517502,CEU,Negative,
rs391300,CEU,Negative,
rs2245116,CEU,Negative,
rs3814887,CEU,Negative,
rs4583255,CEU,Negative,
rs12026,CEU,Negative,
rs3746414,CEU,Negative,
rs12886628,CEU,Negative,
rs1167818,CEU,Negative,
rs17855606,CEU,Negative,
rs10852636,CEU,Negative,
rs6688605,CEU,Negative,
rs205283,CEU,Negative,
rs1969433,CEU,Negative,
rs189969,CEU,Negative,
rs3129606,CEU,Negative,
rs4557799,CEU,Negative,
rs12812332,CEU,Negative,
rs17657580,CEU,Negative,
rs13003204,CEU,Negative,
rs4130548,CEU,Negative,
rs6666647,CEU,Negative,
rs909334,CEU,Negative,
rs3829572,CEU,Negative,
rs10032067,CEU,Negative,
rs187282,CEU,Negative,
rs10887619,CEU,Negative,
rs226124,CEU,Negative,
rs10128001,TSI,Negative,
rs291593,TSI,Negative,
rs1518395 ,TSI,Negative,
rs2278483,TSI,Negative,
rs1485845 ,TSI,Negative,
rs1368744 ,TSI,Negative,
rs253414,TSI,Negative,
rs9667  ,TSI,Negative,
rs744143,TSI,Negative,
rs320938  ,TSI,Negative,
rs905290 ,TSI,Negative,
rs4074134,TSI,Negative,
rs7323,TSI,Negative,
rs2287652,TSI,Negative,
rs6565259,TSI,Negative,
rs13335818 ,TSI,Negative,
rs10516487,TSI,Negative,
rs12499960  ,TSI,Negative,
rs1018119  ,TSI,Negative,
rs885114 ,TSI,Negative,
rs2111119 ,TSI,Negative,
rs1477340,TSI,Negative,
rs1042482,TSI,Negative,
rs487917,TSI,Negative,
rs2312147,TSI,Negative,
rs990356 ,TSI,Negative,
rs7717355,TSI,Negative,
rs27037 ,TSI,Negative,
rs760899,TSI,Negative,
rs746720,TSI,Negative,
rs879048,TSI,Negative,
rs7134749 ,TSI,Negative,
rs9323656,TSI,Negative,
rs12596913,TSI,Negative,
rs1029846,TSI,Negative,
rs754536  ,TSI,Negative,
rs1544702 ,TSI,Negative,
rs3213801 ,TSI,Negative,
rs1180079  ,TSI,Negative,
rs1128559  ,TSI,Negative,
rs922493 ,TSI,Negative,
rs2302677,TSI,Negative,
rs2074036 ,TSI,Negative,
rs12446492,TSI,Negative,
rs1018670,TSI,Negative,
rs3738309,TSI,Negative,
rs1022907,TSI,Negative,
rs2277205,TSI,Negative,
rs1107043,TSI,Negative,
rs2107561,TSI,Negative,
rs2820312,TSI,Negative,
rs1390397,TSI,Negative,
rs1157228,TSI,Negative,
rs3093816,TSI,Negative,
rs3751845,TSI,Negative,
rs744539,TSI,Negative,
rs828259,TSI,Negative,
rs6443696,TSI,Negative,
rs3739715,TSI,Negative,
rs1333955,TSI,Negative,
rs2445765,TSI,Negative,
rs3733249,TSI,Negative,
rs10025494,TSI,Negative,
rs943036,TSI,Negative,
rs2585283,TSI,Negative,
rs7497457,TSI,Negative,
rs2274776,TSI,Negative,
rs873837,TSI,Negative,
rs907482,TSI,Negative,
rs718718,TSI,Negative,
rs290699,TSI,Negative,
rs2904880,TSI,Negative,
rs2193587,TSI,Negative,
rs10049246,TSI,Negative,
rs10049246,TSI,Negative,
rs1384883,TSI,Negative,
rs1875597,TSI,Negative,
rs4856560,TSI,Negative,
rs559479,TSI,Negative,
rs725502,TSI,Negative,
rs110419,TSI,Negative,
rs4075160,TSI,Negative,
rs6938239,TSI,Negative,
rs429358,TSI,Negative,
rs4800148,TSI,Negative,
rs6485438,TSI,Negative,
rs1058587,TSI,Negative,
rs1035364,TSI,Negative,
rs12154667,TSI,Negative,
rs722263,TSI,Negative,
rs4674305,TSI,Negative,
rs816752,TSI,Negative,
rs6517502,TSI,Negative,
rs391300,TSI,Negative,
rs2245116,TSI,Negative,
rs3814887,TSI,Negative,
rs4583255,TSI,Negative,
rs12026,TSI,Negative,
rs3746414,TSI,Negative,
rs12886628,TSI,Negative,
rs1167818,TSI,Negative,
rs17855606,TSI,Negative,
rs10852636,TSI,Negative,
rs6688605,TSI,Negative,
rs205283,TSI,Negative,
rs1969433,TSI,Negative,
rs189969,TSI,Negative,
rs3129606,TSI,Negative,
rs4557799,TSI,Negative,
rs12812332,TSI,Negative,
rs17657580,TSI,Negative,
rs13003204,TSI,Negative,
rs4130548,TSI,Negative,
rs6666647,TSI,Negative,
rs909334,TSI,Negative,
rs3829572,TSI,Negative,
rs10032067,TSI,Negative,
rs187282,TSI,Negative,
rs10887619,TSI,Negative,
rs226124,TSI,Negative,
rs10128001,GBR,Negative,
rs291593,GBR,Negative,
rs1518395 ,GBR,Negative,
rs2278483,GBR,Negative,
rs1485845 ,GBR,Negative,
rs1368744 ,GBR,Negative,
rs253414,GBR,Negative,
rs9667  ,GBR,Negative,
rs744143,GBR,Negative,
rs320938  ,GBR,Negative,
rs905290 ,GBR,Negative,
rs4074134,GBR,Negative,
rs7323,GBR,Negative,
rs2287652,GBR,Negative,
rs6565259,GBR,Negative,
rs13335818 ,GBR,Negative,
rs10516487,GBR,Negative,
rs12499960  ,GBR,Negative,
rs1018119  ,GBR,Negative,
rs885114 ,GBR,Negative,
rs2111119 ,GBR,Negative,
rs1477340,GBR,Negative,
rs1042482,GBR,Negative,
rs487917,GBR,Negative,
rs2312147,GBR,Negative,
rs990356 ,GBR,Negative,
rs7717355,GBR,Negative,
rs27037 ,GBR,Negative,
rs760899,GBR,Negative,
rs746720,GBR,Negative,
rs879048,GBR,Negative,
rs7134749 ,GBR,Negative,
rs9323656,GBR,Negative,
rs12596913,GBR,Negative,
rs1029846,GBR,Negative,
rs754536  ,GBR,Negative,
rs1544702 ,GBR,Negative,
rs3213801 ,GBR,Negative,
rs1180079  ,GBR,Negative,
rs1128559  ,GBR,Negative,
rs922493 ,GBR,Negative,
rs2302677,GBR,Negative,
rs2074036 ,GBR,Negative,
rs12446492,GBR,Negative,
rs1018670,GBR,Negative,
rs3738309,GBR,Negative,
rs1022907,GBR,Negative,
rs2277205,GBR,Negative,
rs1107043,GBR,Negative,
rs2107561,GBR,Negative,
rs2820312,GBR,Negative,
rs1390397,GBR,Negative,
rs1157228,GBR,Negative,
rs3093816,GBR,Negative,
rs3751845,GBR,Negative,
rs744539,GBR,Negative,
rs828259,GBR,Negative,
rs6443696,GBR,Negative,
rs3739715,GBR,Negative,
rs1333955,GBR,Negative,
rs2445765,GBR,Negative,
rs3733249,GBR,Negative,
rs10025494,GBR,Negative,
rs943036,GBR,Negative,
rs2585283,GBR,Negative,
rs7497457,GBR,Negative,
rs2274776,GBR,Negative,
rs873837,GBR,Negative,
rs907482,GBR,Negative,
rs718718,GBR,Negative,
rs290699,GBR,Negative,
rs2904880,GBR,Negative,
rs2193587,GBR,Negative,
rs10049246,GBR,Negative,
rs6494654,GBR,Negative,
rs1384883,GBR,Negative,
rs1875597,GBR,Negative,
rs4856560,GBR,Negative,
rs559479,GBR,Negative,
rs725502,GBR,Negative,
rs110419,GBR,Negative,
rs4075160,GBR,Negative,
rs6938239,GBR,Negative,
rs429358,GBR,Negative,
rs4800148,GBR,Negative,
rs6485438,GBR,Negative,
rs1058587,GBR,Negative,
rs1035364,GBR,Negative,
rs12154667,GBR,Negative,
rs722263,GBR,Negative,
rs4674305,GBR,Negative,
rs816752,GBR,Negative,
rs6517502,GBR,Negative,
rs391300,GBR,Negative,
rs2245116,GBR,Negative,
rs3814887,GBR,Negative,
rs4583255,GBR,Negative,
rs12026,GBR,Negative,
rs3746414,GBR,Negative,
rs12886628,GBR,Negative,
rs1167818,GBR,Negative,
rs17855606,GBR,Negative,
rs10852636,GBR,Negative,
rs6688605,GBR,Negative,
rs205283,GBR,Negative,
rs1969433,GBR,Negative,
rs189969,GBR,Negative,
rs3129606,GBR,Negative,
rs4557799,GBR,Negative,
rs12812332,GBR,Negative,
rs17657580,GBR,Negative,
rs13003204,GBR,Negative,
rs4130548,GBR,Negative,
rs6666647,GBR,Negative,
rs909334,GBR,Negative,
rs3829572,GBR,Negative,
rs10032067,GBR,Negative,
rs187282,GBR,Negative,
rs10887619,GBR,Negative,
rs226124,GBR,Negative,
rs10128001,IBS,Negative,
rs291593,IBS,Negative,
rs1518395 ,IBS,Negative,
rs2278483,IBS,Negative,
rs1485845 ,IBS,Negative,
rs1368744 ,IBS,Negative,
rs253414,IBS,Negative,
rs9667  ,IBS,Negative,
rs744143,IBS,Negative,
rs320938  ,IBS,Negative,
rs905290 ,IBS,Negative,
rs4074134,IBS,Negative,
rs7323,IBS,Negative,
rs2287652,IBS,Negative,
rs6565259,IBS,Negative,
rs13335818 ,IBS,Negative,
rs10516487,IBS,Negative,
rs12499960  ,IBS,Negative,
rs1018119  ,IBS,Negative,
rs885114 ,IBS,Negative,
rs2111119 ,IBS,Negative,
rs1477340,IBS,Negative,
rs1042482,IBS,Negative,
rs487917,IBS,Negative,
rs2312147,IBS,Negative,
rs990356 ,IBS,Negative,
rs7717355,IBS,Negative,
rs27037 ,IBS,Negative,
rs760899,IBS,Negative,
rs746720,IBS,Negative,
rs879048,IBS,Negative,
rs7134749 ,IBS,Negative,
rs9323656,IBS,Negative,
rs12596913,IBS,Negative,
rs1029846,IBS,Negative,
rs754536  ,IBS,Negative,
rs1544702 ,IBS,Negative,
rs3213801 ,IBS,Negative,
rs1180079  ,IBS,Negative,
rs1128559  ,IBS,Negative,
rs922493 ,IBS,Negative,
rs2302677,IBS,Negative,
rs2074036 ,IBS,Negative,
rs12446492,IBS,Negative,
rs1018670,IBS,Negative,
rs3738309,IBS,Negative,
rs1022907,IBS,Negative,
rs2277205,IBS,Negative,
rs1107043,IBS,Negative,
rs2107561,IBS,Negative,
rs2820312,IBS,Negative,
rs1390397,IBS,Negative,
rs1157228,IBS,Negative,
rs3093816,IBS,Negative,
rs3751845,IBS,Negative,
rs744539,IBS,Negative,
rs828259,IBS,Negative,
rs6443696,IBS,Negative,
rs3739715,IBS,Negative,
rs1333955,IBS,Negative,
rs2445765,IBS,Negative,
rs3733249,IBS,Negative,
rs10025494,IBS,Negative,
rs943036,IBS,Negative,
rs2585283,IBS,Negative,
rs7497457,IBS,Negative,
rs2274776,IBS,Negative,
rs873837,IBS,Negative,
rs907482,IBS,Negative,
rs718718,IBS,Negative,
rs290699,IBS,Negative,
rs2904880,IBS,Negative,
rs2193587,IBS,Negative,
rs10049246,IBS,Negative,
rs10049246,IBS,Negative,
rs1384883,IBS,Negative,
rs1875597,IBS,Negative,
rs4856560,IBS,Negative,
rs559479,IBS,Negative,
rs725502,IBS,Negative,
rs110419,IBS,Negative,
rs4075160,IBS,Negative,
rs6938239,IBS,Negative,
rs429358,IBS,Negative,
rs4800148,IBS,Negative,
rs6485438,IBS,Negative,
rs1058587,IBS,Negative,
rs1035364,IBS,Negative,
rs12154667,IBS,Negative,
rs722263,IBS,Negative,
rs4674305,IBS,Negative,
rs816752,IBS,Negative,
rs6517502,IBS,Negative,
rs391300,IBS,Negative,
rs2245116,IBS,Negative,
rs3814887,IBS,Negative,
rs4583255,IBS,Negative,
rs12026,IBS,Negative,
rs3746414,IBS,Negative,
rs12886628,IBS,Negative,
rs1167818,IBS,Negative,
rs17855606,IBS,Negative,
rs10852636,IBS,Negative,
rs6688605,IBS,Negative,
rs205283,IBS,Negative,
rs1969433,IBS,Negative,
rs189969,IBS,Negative,
rs3129606,IBS,Negative,
rs4557799,IBS,Negative,
rs12812332,IBS,Negative,
rs17657580,IBS,Negative,
rs13003204,IBS,Negative,
rs4130548,IBS,Negative,
rs6666647,IBS,Negative,
rs909334,IBS,Negative,
rs3829572,IBS,Negative,
rs10032067,IBS,Negative,
rs187282,IBS,Negative,
rs10887619,IBS,Negative,
rs226124,IBS,Negative,
rs10128001,FIN,Negative,
rs291593,FIN,Negative,
rs1518395 ,FIN,Negative,
rs2278483,FIN,Negative,
rs1485845 ,FIN,Negative,
rs1368744 ,FIN,Negative,
rs253414,FIN,Negative,
rs9667  ,FIN,Negative,
rs744143,FIN,Negative,
rs320938  ,FIN,Negative,
rs905290 ,FIN,Negative,
rs4074134,FIN,Negative,
rs7323,FIN,Negative,
rs2287652,FIN,Negative,
rs6565259,FIN,Negative,
rs13335818 ,FIN,Negative,
rs10516487,FIN,Negative,
rs12499960  ,FIN,Negative,
rs1018119  ,FIN,Negative,
rs885114 ,FIN,Negative,
rs2111119 ,FIN,Negative,
rs1477340,FIN,Negative,
rs1042482,FIN,Negative,
rs487917,FIN,Negative,
rs2312147,FIN,Negative,
rs990356 ,FIN,Negative,
rs7717355,FIN,Negative,
rs27037 ,FIN,Negative,
rs760899,FIN,Negative,
rs746720,FIN,Negative,
rs879048,FIN,Negative,
rs7134749 ,FIN,Negative,
rs9323656,FIN,Negative,
rs12596913,FIN,Negative,
rs1029846,FIN,Negative,
rs754536  ,FIN,Negative,
rs1544702 ,FIN,Negative,
rs3213801 ,FIN,Negative,
rs1180079  ,FIN,Negative,
rs1128559  ,FIN,Negative,
rs922493 ,FIN,Negative,
rs2302677,FIN,Negative,
rs2074036 ,FIN,Negative,
rs12446492,FIN,Negative,
rs1018670,FIN,Negative,
rs3738309,FIN,Negative,
rs1022907,FIN,Negative,
rs2277205,FIN,Negative,
rs1107043,FIN,Negative,
rs2107561,FIN,Negative,
rs2820312,FIN,Negative,
rs1390397,FIN,Negative,
rs1157228,FIN,Negative,
rs3093816,FIN,Negative,
rs3751845,FIN,Negative,
rs744539,FIN,Negative,
rs828259,FIN,Negative,
rs6443696,FIN,Negative,
rs3739715,FIN,Negative,
rs1333955,FIN,Negative,
rs2445765,FIN,Negative,
rs3733249,FIN,Negative,
rs10025494,FIN,Negative,
rs943036,FIN,Negative,
rs2585283,FIN,Negative,
rs7497457,FIN,Negative,
rs2274776,FIN,Negative,
rs873837,FIN,Negative,
rs907482,FIN,Negative,
rs718718,FIN,Negative,
rs290699,FIN,Negative,
rs2904880,FIN,Negative,
rs2193587,FIN,Negative,
rs10049246,FIN,Negative,
rs6494654,FIN,Negative,
rs1384883,FIN,Negative,
rs1875597,FIN,Negative,
rs4856560,FIN,Negative,
rs559479,FIN,Negative,
rs725502,FIN,Negative,
rs110419,FIN,Negative,
rs4075160,FIN,Negative,
rs6938239,FIN,Negative,
rs429358,FIN,Negative,
rs4800148,FIN,Negative,
rs6485438,FIN,Negative,
rs1058587,FIN,Negative,
rs1035364,FIN,Negative,
rs12154667,FIN,Negative,
rs722263,FIN,Negative,
rs4674305,FIN,Negative,
rs816752,FIN,Negative,
rs6517502,FIN,Negative,
rs391300,FIN,Negative,
rs2245116,FIN,Negative,
rs3814887,FIN,Negative,
rs4583255,FIN,Negative,
rs12026,FIN,Negative,
rs3746414,FIN,Negative,
rs12886628,FIN,Negative,
rs1167818,FIN,Negative,
rs17855606,FIN,Negative,
rs10852636,FIN,Negative,
rs6688605,FIN,Negative,
rs1969433,FIN,Negative,
rs189969,FIN,Negative,
rs3129606,FIN,Negative,
rs4557799,FIN,Negative,
rs12812332,FIN,Negative,
rs17657580,FIN,Negative,
rs13003204,FIN,Negative,
rs4130548,FIN,Negative,
rs6666647,FIN,Negative,
rs6666647,FIN,Negative,
rs909334,FIN,Negative,
rs3829572,FIN,Negative,
rs10032067,FIN,Negative,
rs187282,FIN,Negative,
rs10887619,FIN,Negative,
rs226124,FIN,Negative,
